name,email,homePhone,workPhone,customerType,birthday
 ,Holly_Ruecker@fakegmail.com,1-305-555-3789 x95418,(845) 555-6545 x90312,regular,
Caden Marks,Cheyenne60@fakeyahoo.com,(375) 950-8158 x940,768-981-6345 x90600,regular,Sun Mar 26 2017 21:10:22 GMT-0400 (EDT)
Amani O'Hara,Celine_Stoltenberg@fakehotmail.com,,1-155-956-8519,regular,Sat Nov 05 2016 18:00:31 GMT-0400 (EDT)
 ,Ervin88@fakehotmail.com,1-407-624-4354,754-931-5537,customer,Thu Oct 13 2016 00:07:28 GMT-0400 (EDT)
Henry Reilly,Donnie_Kuhn5@fakeyahoo.com,251-100-2531 x484,463.292.6089,,Tue Jun 14 2016 18:50:22 GMT-0400 (EDT)
Damaris ,Alyce_Altenwerth47@fakehotmail.com,1-458-320-3175,,regular,
Verla O'Hara,Kile\y91@fakeyahoo.com,965.776.3803 x57666,711-859-6283,customer,Sat Mar 11 2017 16:43:28 GMT-0500 (EST)
Bret Dicki,,(615) 135-7723 x22694,820-404-1040 x73468,regular,Sat Jul 30 2016 14:31:53 GMT-0400 (EDT)
Taya Hane,Clinton85@fakeyahoo.com,,,regular,
 ,Lia_Baumbach98@fakeyahoo.com,(485) 448-4511,150.765.3359 x40369,regular,
Shawn Kohler,Cleve_Hand67@fakeyahoo.com,565.051.4094 x231,1-129-172-8048 x2580,regular,Fri Sep 23 2016 01:09:31 GMT-0400 (EDT)
Kellen Pollich,Lilly_Daniel@fakeyahoo.com,(933) 496-4255 x42355,1-188-045-9466 x662,regular,
Cheyenne Stroman,Chesley.Keeling46@fakehotmail.com,(421) 148-4150,(961) 056-6355 x622,vip,Fri Mar 10 2017 07:28:51 GMT-0500 (EST)
Lyric Hilll,Kenneth_Kerluke@fakeyahoo.com,471.733.3265,(277) 349-6544,customer,Wed Aug 03 2016 03:28:38 GMT-0400 (EDT)
 ,,,552.817.6277,vip,Thu Jan 12 2017 14:17:41 GMT-0500 (EST)
Luis Crooks,,,785-222-1480 x1956,vip,Mon Jul 04 2016 16:01:47 GMT-0400 (EDT)
 ,Harvey60@fakehotmail.com,899.573.0715 x485,567.089.5315 x5702,regular,
Chester Bergnaum,Polly_Douglas@fakehotmail.com,388.477.3118,1-071-952-1560 x05440,regular,Sun Sep 25 2016 08:15:29 GMT-0400 (EDT)
"Bernhard Mueller, Jr.",Emanuel_Stark33@fakeyahoo.com,(494) 752-9058,(122) 591-8118,customer,Sun Dec 25 2016 04:17:14 GMT-0500 (EST)
Anabel Purdy,Daisy_Torphy@fakeyahoo.com,,342.594.1037 x614,regular,Sat Jan 07 2017 01:17:34 GMT-0500 (EST)
Brad Birnbaum,bb@fakekustomer.com,,,vip,
Ursula Frami,Kaia83@fakehotmail.com,487.450.2256 x5103,,vip,
Camden Sanford,Eulalia_Hauck@fakehotmail.com,1-106-674-4640 x6531,,regular,
Elfrieda Heathcote,Haven.Harber@fakeyahoo.com,942.200.5339,040-964-9145,,Mon Oct 31 2016 06:00:21 GMT-0400 (EDT)
Ian Brekke,Major.Rempel98@fakeyahoo.com,667.668.7217 x7242,934-101-5945 x8645,,Mon Sep 26 2016 08:43:43 GMT-0400 (EDT)
 ,Itzel_McKenzie23@fakehotmail.com,492.308.6163 x082,(020) 648-1832 x80870,regular,
Kenneth Kunze,,,579.893.8803,customer,Fri Nov 11 2016 10:21:28 GMT-0500 (EST)
Angelina Watsica,Gregory_Bosco7@fakehotmail.com,538-254-7912 x7166,,regular,
Willie Metz,,,139-490-3249 x796,vip,Thu Nov 17 2016 18:35:55 GMT-0500 (EST)
Jovanny Gaylord,Marie3@fakeyahoo.com,1-841-378-4108 x34610,,customer,
Efrain Waelchi,Tabitha_Jaskolski39@fakehotmail.com,1-728-298-9745,823-531-0729 x7478,vip,Sun Dec 25 2016 09:42:30 GMT-0500 (EST)
Adolphus Raynor,,,1-123-598-0519 x27191,customer,Tue Jun 28 2016 18:51:59 GMT-0400 (EDT)
 ,Meagan38@fakehotmail.com,114-336-7849 x043,971.296.6946,vip,Tue Jan 17 2017 09:54:33 GMT-0500 (EST)
Fred Ullrich,Casimer_OReilly88@fakegmail.com,559-701-9599 x67208,1-760-995-3059 x825,regular,Fri Nov 04 2016 23:51:56 GMT-0400 (EDT)
Shany Abernathy,Mercedes.Mueller55@fakeyahoo.com,(922) 183-7495,(926) 421-6077 x971,,Wed Nov 23 2016 23:36:11 GMT-0500 (EST)
Sally ,Verna_Waters24@fakehotmail.com,1-895-143-9570 x207,237.446.3740 x9848,,Fri Feb 03 2017 10:06:48 GMT-0500 (EST)
Josefina Labadie,Cloyd17@fakeyahoo.com,180.410.9627,,vip,
Eleonore Douglas,Josiah_Gerhold@fakeyahoo.com,957.617.6869 x73592,1-473-431-9585,customer,Thu Dec 15 2016 13:06:04 GMT-0500 (EST)
Madaline Kilback,Alisa.Corwin87@fakehotmail.com,502.749.4879 x29441,,customer,
Jared Blick,Jack_Schultz88@fakegmail.com,932.980.4975 x7486,681.018.5116,vip,Tue Nov 15 2016 15:29:08 GMT-0500 (EST)
Maude Hettinger,Will23@fakeyahoo.com,822-467-0198,727.139.3848,customer,Sun Jul 24 2016 12:44:20 GMT-0400 (EDT)
Kay Yundt,Nola_Hauck64@fakehotmail.com,233.712.1302 x7309,,customer,
Veda ,Cecile_Bednar@fakehotmail.com,(939) 439-3510 x10791,1-636-894-0472 x3480,regular,Wed Jun 01 2016 05:17:50 GMT-0400 (EDT)
Taya Hane,Clinton85@fakeyahoo.com,(008) 294-3323 x63233,,regular,Tue Apr 11 2017 02:19:44 GMT-0400 (EDT)
Darrin Stamm,Roman.Luettgen26@fakeyahoo.com,721.341.3316 x3922,,vip,
Queen Nikolaus,Mandy_Feil48@fakehotmail.com,406-327-6848,754-092-4075,customer,Thu Jan 19 2017 20:26:22 GMT-0500 (EST)
Stanford Graham,,,1-872-131-1291 x0792,vip,Sat Jun 11 2016 07:59:38 GMT-0400 (EDT)
Walton Weber,Kevon51@fakehotmail.com,1-482-876-4209 x118,324-258-3381 x275,,Sat Feb 18 2017 06:50:08 GMT-0500 (EST)
Freddie Nader,Alyce0@fakegmail.com,077.716.1580,,regular,
Angelina Kirlin,%3CCindy_Roberts@fakehotmail.com%3E,1-006-823-6528 x24387,,customer,
Tess Denesik,Jonas_Aufderhar62@fakegmail.com,986-862-1120,1-470-556-6674 x28205,vip,Tue May 03 2016 18:02:28 GMT-0400 (EDT)
Karlee Wisoky,,,(453) 873-0918 x584,regular,Wed Nov 23 2016 08:32:11 GMT-0500 (EST)
Mia Robel,Graham38@fakeyahoo.com,(918) 551-2653 x5443,574-681-3661 x625,,Mon Mar 06 2017 07:37:00 GMT-0500 (EST)
Shyann Waelchi,Lamont_Collins46@fakeyahoo.com,1-278-032-9051 x92390,,regular,
Twila Marvin,,,(889) 174-0069,regular,Fri Apr 07 2017 09:28:12 GMT-0400 (EDT)
Jayde Monahan,%3CMaurine65@fakeyahoo.com%3E,046-498-3304,,customer,
Donna Kshlerin,Sammy96@fakehotmail.com,,129.363.7432,customer,Sat Jul 09 2016 06:54:33 GMT-0400 (EDT)
 ,Albina63@fakeyahoo.com,(136) 522-8569 x675,042.498.2378 x222,customer,
Elnora ,,,159.221.1987 x73647,customer,Thu Sep 29 2016 04:49:28 GMT-0400 (EDT)
Willow Strosin,Kara73@fakegmail.com,(112) 630-2948 x3394,073-457-7848 x0193,regular,
Nikita Rogahn,&lt;Vicky78@fakeyahoo.com&gt;,1-771-647-6251 x42010,736.657.1783 x7390,vip,Thu Apr 13 2017 13:56:21 GMT-0400 (EDT)
 ,Laila_Pouros@fakegmail.com,576-953-2720,937-457-3557 x0787,customer,
Mohammed Keebler,Deondre43@fakeyahoo.com,447.823.8814 x3292,1-270-033-1182 x98301,,Mon Oct 31 2016 20:14:01 GMT-0400 (EDT)
Tatum Mueller,Abdiel.Walker65@fakeyahoo.com,,(708) 614-7467,regular,Sat Dec 24 2016 13:45:36 GMT-0500 (EST)
 ,Nicholaus_Pfannerstill78@fakegmail.com,(361) 883-9901,(386) 185-8049 x9156,vip,
 ,Shaniya_Cartwright24@fakehotmail.com,(322) 692-0378,1-407-474-8793,customer,
Estrella McCullough,Jaleel.Torphy37@fakegmail.com,1-066-073-1732,132.201.8531 x90431,,Fri Aug 05 2016 12:25:50 GMT-0400 (EDT)
Maximo Cartwright,Abbigail.Durgan8@fakegmail.com,088.493.1972,403-725-2909,vip,Fri Apr 29 2016 22:02:04 GMT-0400 (EDT)
Gunner Leannon,Guillermo_VonRueden88@fakeyahoo.com,(193) 271-9250 x46302,126-816-7467 x06820,,Mon Jan 02 2017 07:25:56 GMT-0500 (EST)
Henderson Mertz,Curt82@fakehotmail.com,689.479.9691,1-782-613-5288 x3464,customer,Fri Jul 22 2016 14:31:09 GMT-0400 (EDT)
Devante Mitchell,,(489) 032-2934,,vip,
Deon Abernathy,Santino42@fakegmail.com,682-232-3021 x770,183.280.3820,,Fri Oct 28 2016 02:10:35 GMT-0400 (EDT)
Woodrow Towne,Roderick44@fakehotmail.com,808.311.5585 x2449,896-049-9421 x755,customer,Wed Mar 29 2017 16:25:00 GMT-0400 (EDT)
Patsy Kreiger,,993.929.5755 x144,,regular,Sat Sep 17 2016 09:46:16 GMT-0400 (EDT)
Matilde ,Kevin.Lesch@fakegmail.com,790-710-7730 x961,115-622-4873,customer,Sun Apr 02 2017 11:41:08 GMT-0400 (EDT)
Nathen Jaskolski,,489-738-4357 x4300,142-107-7587 x314,,Sat Feb 18 2017 20:27:36 GMT-0500 (EST)
Cheyanne Little,Loy.Hickle86@fakeyahoo.com,(846) 019-1673,283.073.0462,,Wed Mar 15 2017 02:03:45 GMT-0400 (EDT)
Elouise Fisher,Theron56@fakeyahoo.com,(830) 702-0201,(082) 669-9735,regular,Fri Feb 24 2017 09:16:51 GMT-0500 (EST)
Howard Schimmel,Nathanael_Hintz31@fakegmail.com,(915) 545-8935 x8426,,vip,
Howard Stokes,Ole31@fakegmail.com,(057) 560-2155 x59381,,vip,Fri Nov 11 2016 15:41:15 GMT-0500 (EST)
Ezra Harber,Brooklyn.Kautzer@fakehotmail.com,458.572.3320,1-411-688-0873 x879,,Thu Sep 08 2016 10:43:22 GMT-0400 (EDT)
Rodrigo Marquardt,Blanca4@fakeyahoo.com,(730) 144-2178 x273,421.784.5549 x1027,,Mon Sep 19 2016 09:21:35 GMT-0400 (EDT)
Erwin Murphy,Troy_Schiller84@fakeyahoo.com,308.309.6034,,customer,
Queenie Johnston,Colton_Stroman@fakehotmail.com,837.855.0172 x67060,818.396.5508,vip,Sun Sep 18 2016 02:54:06 GMT-0400 (EDT)
Garret Hegmann,Madyson12@fakehotmail.com,(080) 523-0551 x91320,,vip,
Cara Kautzer,,,(244) 488-5828,regular,Tue Feb 21 2017 14:49:31 GMT-0500 (EST)
 ,Trey.Cronin@fakeyahoo.com,435.430.2979,113-181-7540 x99138,regular,
Haylee Ward,Shaun.Keebler@fakehotmail.com,1-384-249-2513,,vip,
Ignacio Marks,Kaylee.Harvey0@fakehotmail.com,494-943-3289 x9959,650.291.5390 x4958,customer,Mon Feb 13 2017 03:17:26 GMT-0500 (EST)
Gilda Emard,Orin7@fakehotmail.com,819.215.2369 x3844,402-647-8061,regular,Wed May 25 2016 11:42:11 GMT-0400 (EDT)
Reece Wyman,Kaylie.Bogisich83@fakeyahoo.com,072.583.4845 x292,,regular,
Keon Hickle,Agustin.Friesen@fakehotmail.com,,1-876-701-2289 x6567,vip,
Olga McGlynn,Rosina46@fakeyahoo.com,(589) 701-5106 x85782,555-525-6412,,Wed Feb 22 2017 10:59:20 GMT-0500 (EST)
Delbert Kohler,Sanford_Jacobson@fakeyahoo.com,(658) 561-6172,311-507-6433 x52811,,Fri Nov 18 2016 19:30:24 GMT-0500 (EST)
Viva Swaniawski,Juanita64@fakehotmail.com,(506) 961-7407 x850,(530) 666-5845,vip,Wed Apr 20 2016 09:06:10 GMT-0400 (EDT)
Edgar Grant,Nickolas9@fakehotmail.com,1-548-844-5016 x8930,1-843-524-3802,regular,Mon Sep 12 2016 20:43:46 GMT-0400 (EDT)
 ,Juliet_Smitham78@fakegmail.com,873-450-2749,1-152-228-0051 x70275,customer,Sun Apr 24 2016 22:57:35 GMT-0400 (EDT)
Lavonne ,Cassandre_Hand28@fakegmail.com,029-555-7391 x0215,(822) 555-7010,regular,Fri Jun 17 2016 20:34:57 GMT-0400 (EDT)
Regan Luettgen,Anais36@fakehotmail.com,1-458-555-5440 x78064,1-525-555-9236,customer,Mon Aug 29 2016 15:00:11 GMT-0400 (EDT)